Date,Year,Month,Month_Index,Total_Emissions,Data_Type
2024-01-01,2024,1,1,50166.8081,Historical
2024-02-01,2024,2,2,47088.005,Historical
2024-03-01,2024,3,3,49583.2227,Historical
2024-04-01,2024,4,4,48798.1313,Historical
2024-05-01,2024,5,5,50632.9643,Historical
2024-06-01,2024,6,6,48364.9749,Historical
2024-07-01,2024,7,7,50443.1586,Historical
2024-08-01,2024,8,8,49937.3796,Historical
2024-09-01,2024,9,9,48476.7086,Historical
2024-10-01,2024,10,10,50007.5237,Historical
2024-11-01,2024,11,11,47819.7213,Historical
2024-12-01,2024,12,12,49344.4555,Historical
2025-01-01,2025,1,13,50427.5321,Simulated
2025-02-01,2025,2,14,50464.9138,Simulated
2025-03-01,2025,3,15,50465.4411,Simulated
2025-04-01,2025,4,16,50477.1338,Simulated
2025-05-01,2025,5,17,50493.1178,Simulated
2025-06-01,2025,6,18,50408.6487,Simulated
2025-07-01,2025,7,19,50480.06,Simulated
2025-08-01,2025,8,20,50446.0987,Simulated
2025-09-01,2025,9,21,50477.5994,Simulated
2025-10-01,2025,10,22,50491.8477,Simulated
2025-11-01,2025,11,23,50478.2387,Simulated
2025-12-01,2025,12,24,50386.1202,Simulated
2026-01-01,2026,1,25,51731.6153,Simulated
2026-02-01,2026,2,26,51629.9862,Simulated
2026-03-01,2026,3,27,51692.0456,Simulated
2026-04-01,2026,4,28,51739.2718,Simulated
2026-05-01,2026,5,29,51750.1449,Simulated
2026-06-01,2026,6,30,51698.0704,Simulated
2026-07-01,2026,7,31,51725.7539,Simulated
2026-08-01,2026,8,32,51683.7255,Simulated
2026-09-01,2026,9,33,51730.8565,Simulated
2026-10-01,2026,10,34,51725.6937,Simulated
2026-11-01,2026,11,35,51758.6778,Simulated
2026-12-01,2026,12,36,51762.7215,Simulated
2027-01-01,2027,1,37,52969.8946,Forecast
2027-02-01,2027,2,38,52968.4145,Forecast
2027-03-01,2027,3,39,52966.9344,Forecast
2027-04-01,2027,4,40,52965.4543,Forecast
2027-05-01,2027,5,41,52963.9742,Forecast
2027-06-01,2027,6,42,52962.4941,Forecast
2027-07-01,2027,7,43,52961.0141,Forecast
2027-08-01,2027,8,44,52959.534,Forecast
2027-09-01,2027,9,45,52958.0539,Forecast
2027-10-01,2027,10,46,52956.5738,Forecast
2027-11-01,2027,11,47,52955.0937,Forecast
2027-12-01,2027,12,48,52953.6136,Forecast
2028-01-01,2028,1,49,54217.836,Forecast
2028-02-01,2028,2,50,54216.3559,Forecast
2028-03-01,2028,3,51,54214.8758,Forecast
2028-04-01,2028,4,52,54213.3957,Forecast
2028-05-01,2028,5,53,54211.9156,Forecast
2028-06-01,2028,6,54,54210.4355,Forecast
2028-07-01,2028,7,55,54208.9554,Forecast
2028-08-01,2028,8,56,54207.4754,Forecast
2028-09-01,2028,9,57,54205.9953,Forecast
2028-10-01,2028,10,58,54204.5152,Forecast
2028-11-01,2028,11,59,54203.0351,Forecast
2028-12-01,2028,12,60,54201.555,Forecast
2029-01-01,2029,1,61,55465.7774,Forecast
2029-02-01,2029,2,62,55464.2973,Forecast
2029-03-01,2029,3,63,55462.8172,Forecast
2029-04-01,2029,4,64,55461.3371,Forecast
2029-05-01,2029,5,65,55459.857,Forecast
2029-06-01,2029,6,66,55458.3769,Forecast
2029-07-01,2029,7,67,55456.8968,Forecast
2029-08-01,2029,8,68,55455.4167,Forecast
2029-09-01,2029,9,69,55453.9367,Forecast
2029-10-01,2029,10,70,55452.4566,Forecast
2029-11-01,2029,11,71,55450.9765,Forecast
2029-12-01,2029,12,72,55449.4964,Forecast
2030-01-01,2030,1,73,56713.7188,Forecast
2030-02-01,2030,2,74,56712.2387,Forecast
2030-03-01,2030,3,75,56710.7586,Forecast
2030-04-01,2030,4,76,56709.2785,Forecast
2030-05-01,2030,5,77,56707.7984,Forecast
2030-06-01,2030,6,78,56706.3183,Forecast
2030-07-01,2030,7,79,56704.8382,Forecast
2030-08-01,2030,8,80,56703.3581,Forecast
2030-09-01,2030,9,81,56701.878,Forecast
2030-10-01,2030,10,82,56700.398,Forecast
2030-11-01,2030,11,83,56698.9179,Forecast
2030-12-01,2030,12,84,56697.4378,Forecast
2031-01-01,2031,1,85,57961.6602,Forecast
2031-02-01,2031,2,86,57960.1801,Forecast
2031-03-01,2031,3,87,57958.7,Forecast
2031-04-01,2031,4,88,57957.2199,Forecast
2031-05-01,2031,5,89,57955.7398,Forecast
2031-06-01,2031,6,90,57954.2597,Forecast
2031-07-01,2031,7,91,57952.7796,Forecast
2031-08-01,2031,8,92,57951.2995,Forecast
2031-09-01,2031,9,93,57949.8194,Forecast
2031-10-01,2031,10,94,57948.3393,Forecast
2031-11-01,2031,11,95,57946.8593,Forecast
2031-12-01,2031,12,96,57945.3792,Forecast
2032-01-01,2032,1,97,59209.6016,Forecast
2032-02-01,2032,2,98,59208.1215,Forecast
2032-03-01,2032,3,99,59206.6414,Forecast
2032-04-01,2032,4,100,59205.1613,Forecast
2032-05-01,2032,5,101,59203.6812,Forecast
2032-06-01,2032,6,102,59202.2011,Forecast
2032-07-01,2032,7,103,59200.721,Forecast
2032-08-01,2032,8,104,59199.2409,Forecast
2032-09-01,2032,9,105,59197.7608,Forecast
2032-10-01,2032,10,106,59196.2807,Forecast
2032-11-01,2032,11,107,59194.8006,Forecast
2032-12-01,2032,12,108,59193.3206,Forecast
2033-01-01,2033,1,109,60457.543,Forecast
2033-02-01,2033,2,110,60456.0629,Forecast
2033-03-01,2033,3,111,60454.5828,Forecast
2033-04-01,2033,4,112,60453.1027,Forecast
2033-05-01,2033,5,113,60451.6226,Forecast
2033-06-01,2033,6,114,60450.1425,Forecast
2033-07-01,2033,7,115,60448.6624,Forecast
2033-08-01,2033,8,116,60447.1823,Forecast
2033-09-01,2033,9,117,60445.7022,Forecast
2033-10-01,2033,10,118,60444.2221,Forecast
2033-11-01,2033,11,119,60442.742,Forecast
2033-12-01,2033,12,120,60441.2619,Forecast
